Company,Performance 2023Q1,Performance 2023Q2,Relative 2023Q1,Relative 2023Q2
A,-7.797924467866835,-14.36965140132196,-15.255030484544786,-20.962681633608085
AAGH,8.10811321031455,62.359550796951325,0.6510071936365991,55.7665205646652
AAPI,32.74336339200856,0.0,25.28625737533061,-6.593030232286123
AAPL,32.04747633790663,14.251809720929497,24.59037032122868,7.658779488643374
AAQL,87.49999922389794,256.240017049578,80.04289320721999,249.6469868172919
ABAT,115.59633736564533,-15.540538605481835,108.13923134896737,-22.13356883776796
ABM,0.581891438022053,-4.657864071662498,-6.875214578655897,-11.250894303948622
ABQQ,-53.8461517796142,-42.85714226319589,-61.30325779629215,-49.450172495482015
ABTI,-12.600004485249505,-69.9579840482448,-20.057110501927454,-76.55101428053092
ACAN,163.33332671059554,5.263160784158694,155.8762206939176,-1.3298694481274298
ACCD,96.44808438818895,-8.40579587956033,88.99097837151099,-14.998826111846453
ACI,0.9579388331423244,5.440546969082161,-6.499167183535626,-1.1524832632039628
ACM,0.7287071662519518,0.5336712073059191,-6.728398850425998,-6.059359024980204
ACN,6.186285340502695,8.291627186725915,-1.270820676175255,1.6985969544397914
ACST,-8.514032568230967,15.065217438251931,-15.971138584908918,8.472187205965808
ADBE,14.380262305149504,27.28110032220583,6.923156288471554,20.688070089919705
ADI,21.968523147700747,-3.002053736688426,14.511417131022796,-9.59508396897455
ADMT,50.0,0.0,42.54289398332205,-6.593030232286123
ADNT,17.464870487906037,-6.00732365968355,10.007764471228086,-12.600353891969673
ADP,-5.793633838923307,0.4184403970206585,-13.250739855601257,-6.174589835265465
AEHR,68.67863777757677,23.010758384101226,61.22153176089882,16.417728151815105
AEMD,31.034476805243738,2.5641000560833627,23.577370788565787,-4.028930176202761
AFOM,0.0,-99.92992291776147,-7.45710601667795,-106.5229531500476
AFRM,23.84615368492402,36.226750809630644,16.389047668246068,29.63372057734452
AGLY,0.0,0.0,-7.45710601667795,-6.593030232286123
AGTX,-41.00294664979683,-30.000000745058063,-48.46005266647478,-36.593030977344185
AGYS,6.094902530237745,-21.906120463761546,-1.3622034864402055,-28.49915069604767
AI,203.252038123541,5.99351242400874,195.79493210686306,-0.5995178082773833
AIHS,-3.719910332178522,-42.13420959813158,-11.177016348856473,-48.7272398304177
AIR,22.309419514247054,4.945651276275376,14.852313497569103,-1.6473789560107477
AIRT,1.334951184759059,1.921567729875151,-6.122154831918891,-4.671462502410972
AIRTP,2.5238127935500287,5.050001144409189,-4.933293223127921,-1.5430290878769348
AIT,14.054774213756517,1.6150241909465013,6.597668197078566,-4.978006041339622
AITX,12.500004157690325,38.93804339682696,5.042898141012375,32.34501316454084
AKTS,10.394264007818066,0.0,2.9371579911401158,-6.593030232286123
ALCO,1.5526682350734067,6.257771576457305,-5.9044377816045435,-0.3352586558288184
ALDS,-10.597823033530208,9.422481525561842,-18.05492905020816,2.829451293275719
ALGM,63.67667864245696,-9.151694551311584,56.219572625779016,-15.744724783597707
ALID,-4.761900369272054,13.157898039038528,-12.219006385950003,6.564867806752405
ALMU,2.857140132359093,-21.842103529504787,-4.599965884318857,-28.435133761790908
ALTX,13.821135552043495,0.7142871587860089,6.364029535365545,-5.8787430735001145
ALZN,-26.724137931034488,1.8367326178518217,-34.18124394771244,-4.756297614434302
AMAT,27.279721098006114,18.215890846921432,19.822615081328163,11.622860614635309
AMCCF,-7.983191930408362,-11.363636363636365,-15.44029794708631,-17.95666659592249
AMCR,-3.4824017105205884,-11.327375494719716,-10.939507727198539,-17.92040572700584
AMRK,0.8440073060999254,3.6492248124755156,-6.613098710578025,-2.943805419810608
AMSC,37.15083664943837,29.487183014081666,29.693730632760417,22.89415278179554
AMST,20.833323675173677,-25.586354649106312,13.376217658495726,-32.17938488139244
AMWD,5.575831340259696,44.29529779142567,-1.8812746764182542,37.70226755913954
ANEB,27.753309239402736,-14.552242357817335,20.296203222724785,-21.14527259010346
ANGO,-22.662675833257783,7.5910930294806,-30.119781849935734,0.9980627971944767
ANIX,2.625301480004638,-33.19148441848285,-4.831804536673312,-39.784514650768976
AOSL,-8.083216086469246,21.693514021441906,-15.540322103147197,15.100483789155783
AOUT,-4.093567903747674,-9.322025422493397,-11.550673920425623,-15.91505565477952
AOXY,23.456791599718784,-14.499999366700678,15.999685583040833,-21.093029598986803
APD,-5.725229908285079,1.9754939307541353,-13.182335924963029,-4.617536301531988
APDN,-28.025475617736483,15.31531307064733,-35.48258163441443,8.722282838361206
APLD,21.739128744669834,254.89363791663143,14.282022727991883,248.30060768434532
APPS,-17.764471881105802,-29.885994756499677,-25.221577897783753,-36.4790249887858
ARAT,42.857145289985546,-12.000000476837158,35.4000392733076,-18.593030709123283
ARAY,43.478266878855344,32.6530618864878,36.021160862177396,26.060031654201673
ARKR,3.575619164404631,7.495647787054316,-3.8814868522733192,0.9026175547681925
ARMK,-13.277513777418104,21.047839416762116,-20.734619794096055,14.454809184475993
ARRT,57.02479226888346,-35.78947215694469,49.56768625220551,-42.382502389230815
ARTH,-35.18518632985599,-16.13923976616569,-42.642292346533935,-22.732269998451812
ARWR,-34.04310380266195,40.57120913891641,-41.5002098193399,33.97817890663028
ASH,-4.954544663673999,-14.891623845190837,-12.411650680351949,-21.48465407747696
ASRE,-47.04411804279036,-26.315788235360582,-54.501224059468306,-32.908818467646704
ASTC,3.1945781814455287,40.491966038005486,-4.262527835232421,33.89893580571936
ASYS,19.548871416677827,-3.1712493607307324,12.091765399999876,-9.764279593016855
ATAO,-83.00000099341072,54.929571552802756,-90.45710701008868,48.33654132051663
ATEX,-2.1906391074917986,-2.249619206230302,-9.647745124169749,-8.842649438516425
ATGE,8.452676972598017,-10.542710297454272,0.9955709559200665,-17.135740529740396
ATIF,-8.89829699419823,-21.867323522516614,-16.35540301087618,-28.46035375480274
ATKR,22.33736824157557,9.995751069252567,14.88026222489762,3.4027208369664432
ATO,1.686816602885166,4.798951315777189,-5.770289413792784,-1.7940789165089344
ATXG,-6.4814860806051255,-36.27451094972407,-13.938592097283076,-42.86754118201019
AUSI,-1.9531346861181187,-29.48206766861049,-9.410240702796068,-36.075097900896615
AVAI,-3.2258034744817476,-10.971791121411856,-10.682909491159698,-17.56482135369798
AVAV,9.327299219697816,8.8308896314077,1.8701932030198654,2.237859399121577
AVGO,16.744511208146264,34.973693290841524,9.287405191468313,28.3806630585554
AVNW,12.835619028918499,-3.094284132051617,5.378513012240549,-9.687314364337741
AVO,-5.123829030872251,8.407867215782904,-12.580935047550202,1.8148369834967806
AVT,9.379577651212934,10.823238569607764,1.9224716345349835,4.23020833732164
AVXL,-11.46694809253319,-7.050533082636157,-18.92405410921114,-13.64356331492228
AWCA,49.99999561730557,-4.301529613136578,42.542889600627625,-10.894559845422702
AX,-3.3507920639519018,7.871647884391453,-10.807898080629851,1.2786176521053294
AXR,16.583331425984692,20.423488711238825,9.126225409306741,13.830458478952702
AYI,8.693575556993016,-11.31131837559527,1.236469540315066,-17.904348607881396
AYTU,-43.99999976158142,-37.39496059281675,-51.45710577825937,-43.98799082510288
AZEK,11.722834629702783,24.84316424912287,4.265728613024833,18.250134016836746
AZO,1.1143222749367299,-2.2352873474279056,-6.34278374174122,-8.828317579714028
AZPN,10.961893344568185,-28.556594580462512,3.5047873278902353,-35.149624812748634
AZTA,-24.295894177939502,4.227562855435063,-31.753000194617453,-2.3654673768510603
AZZ,2.4850893595641077,3.8610095121652144,-4.972016657113842,-2.732020720120909
BAH,-10.93491743204832,16.312707013449156,-18.39202344872627,9.719676781163033
BAR,7.197798961689772,-3.9430246695716376,-0.2593070549881782,-10.53605490185776
BARK,-5.844150415498561,-4.827589665525056,-13.301256432176512,-11.420619897811179
BBCP,13.902854769054663,15.02890101715153,6.445748752376713,8.435870784865406
BBIG,-30.873489186321677,-79.7143790387901,-38.330595202999625,-86.30740927107622
BCHG,136.11110835163694,120.56180794150873,128.654002334959,113.9687777092226
BCRD,2.939963767534648,-19.999999999999996,-4.517142249143302,-26.593030232286118
BCTX,62.30935864053835,-13.037448713551559,54.8522526238604,-19.63047894583768
BDCC,-84.21052631578947,-32.666666666666664,-91.66763233246742,-39.25969689895279
BDL,8.103978790516386,8.495573870903627,0.6468727738384361,1.9025436386175034
BDRY,14.512479942563306,-43.95604390369662,7.055373925885356,-50.54907413598274
BDX,-2.9973639823070886,5.877015186182666,-10.454469998985038,-0.7160150461034576
BEN,0.47240459662780676,0.6489899534731558,-6.984701420050143,-5.944040278812968
BERY,-2.1849082662648844,9.665913649463164,-9.642014282942835,3.0728834171770405
BFYW,-48.36956802324303,-20.000002980232743,-55.82667403992098,-26.59303321251887
BILL,-25.736776676537776,46.13642598099796,-33.19388269321573,39.54339574871184
BIVI,30.956243197149046,-43.904108543918554,23.499137180471095,-50.49713877620468
BKUH,0.0,-84.99999940395357,-7.45710601667795,-91.59302963623969
BLBD,76.57736252417567,11.696199827556363,69.12025650749771,5.10316959527024
BLIN,-15.740741660565483,24.210522353153753,-23.197847677243434,17.61749212086763
BLIS,189.47369195005032,-18.518521073587202,182.01658593337237,-25.111551305873327
BMMJ,-16.666663562257998,19.99999552965168,-24.12376957893595,13.406965297365558
BMNR,44.285715380493485,26.543206560631717,36.82860936381554,19.95017632834559
BMRA,-45.48105048475083,-28.648646732940584,-52.93815650142878,-35.24167696522671
BNED,-18.279569892473113,-16.216216216216218,-25.736675909151064,-22.809246448502343
BNET,30.76923923379602,-26.62722085488153,23.31213321711807,-33.220251087167654
BNTC,20.00000160281403,15.048535063563229,12.54289558613608,8.455504831277105
BOOT,22.78116250855282,10.86474765878982,15.32405649187487,4.271717426503697
BOTY,0.0,-16.666666666677777,-7.45710601667795,-23.259696898963902
BOWL,23.54227720878996,-30.378973603974746,16.08517119211201,-36.97200383626087
BR,9.504248419082106,12.984760542517959,2.0471424024041562,6.391730310231836
BRBR,33.2288377356065,7.109143772670157,25.771731718928546,0.5161135403840333
BRC,16.106012386957524,-10.47578732150718,8.648906370279573,-17.068817553793302
BRID,21.602792637633982,-16.02658849636339,14.145686620956031,-22.619618728649513
BRN,-25.170067861711388,-11.702125231137096,-32.627173878389335,-18.29515546342322
BRWC,-50.0,300.0,-57.45710601667795,293.40696976771386
BSET,4.767507221037914,-14.835786569630216,-2.689598795640036,-21.42881680191634
BTCY,6.358649229892777,36.34189830270598,-1.0984567867851736,29.748868070419853
BUKS,7.9365098887890895,19.402983879612854,0.47940387211113933,12.809953647326731
BV,-20.283691723229925,29.443443733259866,-27.740797739907876,22.850413500973744
BWET,,41.67265023690556,,35.079620004619436
BZH,21.872605064281526,71.14792875298046,14.415499047603575,64.55489852069434
BZRD,1899.9999223900038,-62.500001455191814,1892.5428163733259,-69.09303168747793
BZWR,-26.25000072759566,-48.52941085835831,-33.70710674427361,-55.122441090644436
BZYR,30.769235177857922,147.05880677205195,23.31212916117997,140.46577653976584
CACI,-3.8020688419669213,12.2946696673508,-11.259174858644872,5.701639435064676
CAG,-2.396367213386308,-10.247837776504031,-9.853473230064258,-16.840868008790153
CAH,-0.9510295768144328,22.435154669286316,-8.408135593492382,15.842124437000193
CAHO,0.0,0.0,-7.45710601667795,-6.593030232286123
CALM,12.498883682043683,-23.404207996482228,5.041777665365733,-29.997238228768353
CARV,-5.450232040046188,-34.5410597694665,-12.90733805672414,-41.134090001752625
CASH,-5.078923478619979,11.95285518793301,-12.536029495297928,5.359824955646886
CASY,-1.8702615936521005,10.420785223234663,-9.32736761033005,3.8277549909485398
CBKM,-9.53545569774914,-2.648647411449534,-16.99256171442709,-9.241677643735658
CBLO,3.1866552522410885,-4.852946364807142,-4.270450764436862,-11.445976597093265
CBRL,20.32623034386498,-17.07039157528446,12.86912432718703,-23.663421807570586
CBT,17.24476238305799,-13.317815169884039,9.787656366380038,-19.91084540217016
CCL,27.352570711751547,72.11634290683942,19.895464695073596,65.5233126745533
CCOB,899.9999611950019,-66.66666537316446,892.542855178324,-73.25969560545059
CDIX,-72.72727377815089,-33.33333192048597,-80.18437979482884,-39.92636215277209
CDMO,39.169145889819234,-28.746668497721352,31.712039873141283,-35.33969873000748
CENT,11.424694162996785,-7.557162957294572,3.9675881463188345,-14.150193189580696
CENTA,10.931288538666761,-8.729751990979196,3.474182521988811,-15.32278222326532
CETX,80.87911640768088,-13.069543304193843,73.42201039100293,-19.662573536479968
CETXP,31.18864485501014,71.93298951982632,23.731538838332188,65.3399592875402
CFFN,-21.92575280252469,-6.0150389418202055,-29.382858819202642,-12.60806917410633
CFSB,-3.9436243940206506,-0.1282080594525392,-11.4007304106986,-6.721238291738663
CGA,0.4914000020385556,-35.94132548133736,-6.9657060146393945,-42.53435571362348
CGC,-24.242425493472787,-74.08283897451456,-31.699531510150738,-80.67586920680068
CHHE,-17.647059339140526,119.99999552965176,-25.104165355818477,113.40696529736563
CHSCL,0.767168259611295,-1.4487196622124054,-6.689937757066655,-8.04174989449853
CHSCM,1.7087065809503255,0.34115625666979454,-5.748399435727625,-6.251873975616329
CHSCN,1.4569025645079003,-0.27656932556798797,-6.00020345217005,-6.869599557854111
CHSCO,3.8117521761283246,-2.8817311759068653,-3.6453538405496255,-9.47476140819299
CHSCP,4.373896841033753,0.10189802565447881,-3.083209175644197,-6.491132206631645
CIEN,3.508077888086225,-18.576619474719035,-3.949028128591725,-25.169649707005156
CIIT,-23.333334922790527,-36.08695395276762,-30.79044093946848,-42.67998418505375
CLEV,-15.59322138005238,44.44444444444444,-23.05032739673033,37.85141421215832
CLFD,-49.026041550562184,2.397927389064347,-56.48314756724013,-4.195102843221776
CLRI,30.909085983087458,17.241389055456445,23.451979966409507,10.648358823170321
CLSH,2.08333760189523,-26.753668301965828,-5.37376841478272,-33.34669853425195
CLSK,38.308456944273274,57.77778346842688,30.851350927595323,51.18475323614076
CLX,12.159394310782258,1.4646912843064408,4.702288294104307,-5.128338947979683
CMC,2.874957734694239,8.157790741233528,-4.582148281983711,1.5647605089474048
CMCO,13.88292562369362,10.961116247952818,6.4258196070156695,4.3680860156666945
CMP,-17.671069245408034,-0.8427809265135866,-25.128175262085986,-7.43581115879971
CMPR,67.5717029983156,30.150644205530554,60.11459698163765,23.55761397324443
CMTL,1.6286629773138106,-25.547442319719615,-5.8284430393641395,-32.14047255200574
CNBX,-97.71428576537541,-88.88888957875751,-105.17139178205336,-95.48191981104364
CNVS,4.999995231628418,-71.95121944127942,-2.457110785049532,-78.54424967356555
CODA,10.075188972714223,10.950122545444675,2.6180829560362726,4.357092313158551
COHR,9.236951131168247,27.02702459223478,1.7798451144902971,20.433994359948656
COMS,-70.42640851433084,-25.6521707130965,-77.8835145310088,-32.24520094538262
COO,12.237803427987593,3.1489198260268747,4.780697411309643,-3.4441104062592487
COR,-2.2438985098975572,17.738918346373,-9.701004526575508,11.145888114086878
COST,9.807400356664719,7.196528688824011,2.3502943399867684,0.6034984565378876
COTI,0.0,0.0,-7.45710601667795,-6.593030232286123
COTY,37.5142507426045,1.1551183551541389,30.057144725926552,-5.4379118771319845
CPB,-1.5224655281750987,-16.975270866523996,-8.979571544853048,-23.568301098810117
CPRI,-18.64289488042803,-23.601953566299983,-26.100000897105982,-30.194983798586108
CPRT,22.37227498344336,19.581343563810517,14.91516896676541,12.988313331524393
CRDE,0.967741935483879,-1.5974440894568676,-6.489364081194071,-8.190474321742991
CRDO,-27.53846095158505,88.70966534543467,-34.995566968263,82.11663511314855
CRMT,13.157141549246653,31.51207625594672,5.700035532568703,24.9190460236606
CRNC,46.76071603105647,3.357144764491493,39.30361001437852,-3.2358854677946303
CRS,25.258973306205036,25.037539426190403,17.801867289527085,18.44450919390428
CRUS,51.07734108861972,-25.95242482101018,43.62023507194177,-32.5454550532963
CRVL,30.30199299451988,2.0078646558609137,22.844886977841927,-4.58516557642521
CRWS,6.077355634911341,-11.929821948999164,-1.379750381766609,-18.522852181285288
CSBR,-9.049775757081468,59.36739605733416,-16.506881773759417,52.77436582504804
CSCO,9.924297106690716,-1.3674970999501546,2.467191090012766,-7.960527332236278
CSPI,43.809528326802095,-5.632775811749857,36.35242231012415,-12.22580604403598
CSUI,-34.177216861210105,-16.666663562257998,-41.63432287788805,-23.25969379454412
CSWC,2.5966576163909183,10.570477548702728,-4.860448400287032,3.9774473164166047
CSWCZ,,0.8386544600421209,,-5.7543757722440025
CSWI,18.95078241145236,17.577426184891753,11.493676394774408,10.98439595260563
CTAS,4.118152182231971,7.370967799758277,-3.338953834445979,0.7779375674721534
CTGO,26.10619256169493,-12.00281543726488,18.649086545016978,-18.595845669551004
CTHR,3.333335452609587,-23.140496714552683,-4.123770564068363,-29.733526946838808
CTLP,30.73393657606651,40.53571463543542,23.27683055938856,33.94268440314929
CTLPP,0.7017570629454406,17.944242419086876,-6.7553489537325095,11.351212186800753
CTLT,44.57645320449253,-31.595673604501005,37.11934718781458,-38.18870383678713
CTXR,50.0,-11.94030461531208,42.54289398332205,-18.533334847598205
CUK,29.054998894329632,73.05123334096557,21.59789287765168,66.45820310867944
CUKPF,18.721460988370907,98.07691578799233,11.264354971692956,91.48388555570621
CULP,10.638298304062644,-7.939510006098827,3.181192287384694,-14.53254023838495
CVAT,-66.6666666666669,200.000000000002,-74.12377268334485,193.40696976771588
CVCO,39.359644839638165,-5.510272798105054,31.902538822960214,-12.103303030391178
CVGW,-7.699710018145211,5.615628203931555,-15.156816034823162,-0.9774020283545681
CVLT,-11.218898742081041,27.33345617610825,-18.676004758758992,20.740425943822125
CVM,-6.072878284614037,4.385971241490516,-13.529984301291986,-2.2070589907956073
CYAN,-15.38461273943873,-8.163269526359617,-22.84171875611668,-14.75629975864574
CYCA,-44.18604792195951,4.444436717916611,-51.64315393863746,-2.1485935143695123
CYDY,56.52174251066031,-21.621624887033107,49.06463649398236,-28.214655119319232
CYRB,,0.0,,-6.593030232286123
DAKT,94.17807973108998,15.563503789106626,86.72097371441203,8.970473556820503
DBMM,-73.68421026833205,73.95832060040888,-81.14131628501,67.36529036812276
DBRM,-23.076926383393914,-10.000001862644991,-30.534032400071865,-16.593032094931115
DCI,11.151031140812684,-4.1099613746901635,3.6939251241347337,-10.702991606976287
DE,-2.384757589370845,-2.919852567348147,-9.841863606048795,-9.51288279963427
DECK,15.497269800663528,13.324078608504951,8.040163783985577,6.731048376218828
DFCO,5.263160784158694,75.9999964237213,-2.1939452325192565,69.40696619143517
DGII,-6.0005621434700895,17.129353610488106,-13.457668160148039,10.536323378201983
DHI,8.001916233864236,22.929184769001367,0.5448102171862859,16.33615453671524
DIS,12.543552561469262,-10.836007456172092,5.086446544791312,-17.429037688458216
DIT,-6.943054857750863,28.805970149253724,-14.400160874428813,22.2129399169676
DJCO,7.625487509599771,1.4716290413065103,0.1683814929218208,-5.121401190979613
DLAPQ,-0.09082859831013312,-8.450704816550768,-7.547934614988083,-15.043735048836892
DLB,20.614210906036988,-3.1868428939562654,13.157104889359037,-9.77987312624239
DLHC,0.9683152612324664,-7.502293006435057,-6.488790755445484,-14.09532323872118
DOCS,-1.430737984283681,7.84375780027764,-8.887844000961632,1.2507275679915164
DRFS,-44.64285498877766,-5.1157768187996,-52.099961005455604,-11.708807051085724
DRI,11.780473445824512,8.270313226522031,4.323367429146562,1.6772829942359078
DSNY,20.75472080058265,2.5641078544558438,13.297614783904699,-4.02892237783028
DT,10.299872021129165,20.686394505246852,2.8427660044512146,14.093364272960729
DTGI,-31.12767906703453,-38.57142674679657,-38.58478508371248,-45.16445697908269
DTII,-52.500001303851576,-65.26315764707218,-59.95710732052952,-71.8561878793583
DTSS,-18.666670057508682,-18.319329904095085,-26.123776074186633,-24.91236013638121
DWAY,-70.769230636972,-21.84210317348666,-78.22633665364995,-28.43513340577278
DXC,-7.625589463439464,3.5530975966880263,-15.082695480117415,-3.039932635598097
DYNT,-25.529199860925534,-47.95945917645713,-32.986305877603485,-54.552489408743256
EA,-1.7456327170887298,7.660279623420063,-9.20273873376668,1.0672493911339398
EACO,17.85714285714286,-2.484847560073389,10.40003684046491,-9.077877792359512
EAT,17.211604399162784,-2.874628759994924,9.754498382484833,-9.467658992281047
EBET,-26.868330502101013,-69.24999952316284,-34.325436518778965,-75.84302975544897
EBF,-7.337434356326423,-3.3617469867821326,-14.794540373004374,-9.954777219068255
ECIA,-16.00000262260438,-7.1428576496993745,-23.457108639282332,-13.735887881985498
ECOX,-33.33333818398866,99.99999999992497,-40.790444200666606,93.40696976763884
EDSA,-54.50000081743514,-23.000001907348633,-61.957106834113084,-29.593032139634758
EDUC,-9.538459777832031,-57.77027081450552,-16.995565794509982,-64.36330104679165
EDXC,-16.32652611272718,0.0,-23.78363212940513,-6.593030232286123
EGAN,-17.320262524298936,-2.094238877070942,-24.777368540976887,-8.687269109357064
EGHT,-3.917052311451563,4.901967888289205,-11.374158328129514,-1.6910623439969186
EL,-2.669451121113209,-21.720590364074155,-10.12655713779116,-28.31362059636028
ELF,48.807369438126244,35.07023503829399,41.3502634214483,28.47720480600786
ELMD,2.0608444238922274,7.003893830070251,-5.396261592785723,0.41086359778412795
ELRE,0.0,-79.43925345576015,-7.45710601667795,-86.03228368804628
ELTP,0.0,33.333333333333435,-7.45710601667795,26.74030310104731
EMAX,129.94652156423837,-22.4806178626901,122.48941554756041,-29.07364809497622
EMBC,11.10233675457879,-17.198388175026214,3.6452307379008397,-23.791418407312335
EMKR,21.052631578947366,-30.701751230532693,13.595525562269415,-37.29478146281882
EMR,-8.787382402866372,2.9184760705266877,-16.24448841954432,-3.6745541617594357
ENMI,-3.7735786062190635,27.450978422808948,-11.230684622897014,20.857948190522826
ENR,1.5510758630236765,-4.135550371423557,-5.906030153654274,-10.72858060370968
ENRT,24.72222785614917,-34.52380899584896,17.26512183947122,-41.116839228135085
ENS,19.74820494648808,25.406505238923582,12.29109892981013,18.81347500663746
ENTA,-11.606560378778196,-47.68960300516144,-19.063666395456146,-54.28263323744756
ENZ,76.08696196765818,-19.65811691497351,68.62985595098023,-26.251147147259637
EPAC,0.6711412428187513,6.436425928024692,-6.785964773859199,-0.1566043042614318
EPC,10.325090577975725,-5.612830875817753,2.8679845612977752,-12.205861108103877
EPIX,16.01562871073845,-5.405408235428677,8.5585226940605,-11.9984384677148
EPM,-9.469151610892112,21.66172236983266,-16.926257627570063,15.068692137546536
ESE,9.90781032909489,10.466826698856435,2.4507043124169394,3.8737964665703117
ESMC,16.666669771075448,257.14285562233067,9.209563754397497,250.54982539004456
ESOA,-12.59541748551014,14.403287860795743,-20.05252350218809,7.8102576285096195
ESP,38.98421704973347,-17.55909054523673,31.527111033055522,-24.152120777522853
ESSA,-24.240962568535863,-7.027363929119224,-31.698068585213814,-13.620394161405347
ESTC,15.430625402735366,13.033501720482278,7.973519386057416,6.440471488196154
ETD,4.015149550223329,4.408526058818518,-3.441956466454621,-2.184504173467605
ETST,-9.319906524306043,10.810812443516582,-16.777012540983993,4.217782211230459
ETWO,-1.8549689689968174,-3.945111871069773,-9.312074985674768,-10.538142103355897
EVFM,-68.57142857142857,-69.33333277702332,-76.02853458810652,-75.92636300930944
EVI,-20.60946746964971,5.1000022888183505,-28.066573486327663,-1.493027943467773
EVOH,0.0,0.0,-7.45710601667795,-6.593030232286123
EVTK,40.62499790452423,0.0,33.16789188784628,-6.593030232286123
EXDW,-14.634147050620406,-50.0,-22.091253067298357,-56.593030232286125
EXP,9.01554640773683,25.659950425700973,1.5584403910588795,19.066920193414852
EXTR,3.7438986577978506,35.60126754187416,-3.7132073588800996,29.008237309588033
EZPW,3.2413020436565354,-2.693203082713158,-4.215803973021415,-9.286233314999281
FARM,-16.268985177812155,-22.788201080055337,-23.726091194490106,-29.381231312341463
FBDS,-61.99333270390828,-21.06648296322381,-69.45043872058623,-27.65951319550993
FC,-20.219825286553217,16.739966754396484,-27.676931303231168,10.14693652211036
FCEL,7.14285010041813,-21.739127054556995,-0.3142559162598202,-28.33215728684312
FCELB,1.532175689479054,-21.94174757281553,-5.924930327198896,-28.534777805101655
FCIC,-18.181818181818176,-14.629633860823377,-25.638924198496127,-21.2226640931095
FDS,2.465412699294389,-4.689123975692244,-4.991693317383561,-11.282154207978367
FDX,29.610967116091192,9.853040415690483,22.15386109941324,3.2600101834043596
FEAM,-30.779053268131072,-32.1839060510181,-38.23615928480902,-38.776936283304224
FEIM,-2.6836166563262154,-3.1531537981727253,-10.140722673004166,-9.74618403045885
FFIV,0.5799076993412866,0.7603553725292977,-6.8771983173366635,-5.832674859756826
FGDL,7.132701080130643,-3.9801153674115075,-0.32440493654730673,-10.57314559969763
FGPR,16.78322056079118,-4.311384358142956,9.326114544113228,-10.904414590429079
FGPRB,-4.430379746835444,-10.596026490066224,-11.887485763513395,-17.189056722352348
FHLD,999.9999417924695,2559.091006584738,992.5428357757916,2552.4979763524516
FICO,18.86026481157399,15.467347068602354,11.40315879489604,8.87431683631623
FIGI,0.0,0.0,-7.45710601667795,-6.593030232286123
FIZZ,13.254564055804385,-7.805984715807868,5.797458039126435,-14.399014948093992
FKST,76.47058328542755,-14.3333355585734,69.0134772687496,-20.926365790859524
FKWL,15.54524559603263,-26.016259177661382,8.088139579354682,-32.60928940994751
FLCX,143.40273466240333,33.06451318291299,135.94562864572538,26.471482950626864
FLES,-11.666674945089229,-75.1000002026558,-19.123780961767178,-81.69303043494193
FLEX,6.725424790548429,21.38420904465823,-0.7316812261295214,14.791178812372108
FLNC,24.922894162265607,37.84487664884886,17.465788145587656,31.251846416562735
FLUX,17.39131135866461,-13.903196458970935,9.934205341986658,-20.496226691257057
FLWS,20.418845762505544,-28.30025616728583,12.961739745827593,-34.893286399571956
FLXS,20.828110011899415,-2.614045222443695,13.371003995221464,-9.207075454729818
FN,-9.191005318291234,10.450329665113124,-16.648111334969183,3.8572994328270003
FNGR,-46.80850937910812,80.12422792549407,-54.26561539578607,73.53119769320794
FOMI,,0.0,,-6.593030232286123
FONR,-3.8575644143313492,6.297223168256183,-11.314670431009299,-0.2958070640299404
FOR,0.19317892570089867,45.629815143477416,-7.2639270909770515,39.03678491119129
FORD,8.737860212273073,-18.26087288234547,1.2807541955951232,-24.853903114631592
FORZ,-60.00000291039586,-24.99999454301237,-67.4571089270738,-31.593024775298495
FOX,10.479884606081358,2.358940871281945,3.0227785894034076,-4.2340893610041785
FOXA,13.281322886718815,0.672906709253196,5.824216870040865,-5.920123523032927
FRBKQ,-35.84905246603547,-42.584908689059965,-43.306158482713414,-49.17793892134609
FRD,17.63485216515224,-16.104552299348242,10.177746148474288,-22.697582531634367
FREVS,-2.133331298828134,29.70027601984684,-9.590437315506083,23.107245787560714
FRHC,24.627125911407322,16.949631542083022,17.17001989472937,10.356601309796899
FSFG,-19.348373246792928,-18.918920538968067,-26.80547926347088,-25.51195077125419
FSSN,109.99998253770684,-90.47619037720112,102.54287652102889,-97.06922060948725
FSTJ,-62.857143586995676,169.23077452112256,-70.31424960367363,162.63774428883644
FUL,-5.53839792948656,3.0892667375132854,-12.995503946164511,-3.503763494772838
FUNI,1.2820491389675892,-9.333330104748228,-6.175056877710361,-15.926360337034351
FUST,-33.55481706522569,0.0,-41.01192308190364,-6.593030232286123
FWFW,-9.090909090909093,-5.6666729582678155,-16.548015107587045,-12.259703190553939
GAIN,2.3166038235786335,-2.1936456580587183,-5.140502193099317,-8.786675890344842
GAINL,,0.8831766949101372,,-5.709853537375986
GAINN,1.8308109874992207,0.12766249636386728,-5.6262950291787295,-6.465367735922256
GAINZ,9.078337530379144,-3.811178268946891,1.6212315137011943,-10.404208501233015
GATO,51.50812752904863,-41.85021921555736,44.05102151237068,-48.443249447843485
GAXYQ,-78.21782105180083,-90.00000072759697,-85.67492706847878,-96.5930309598831
GBCS,-7.172989286253206,7.954543114693746,-14.630095302931156,1.3615128824076228
GBDC,5.528756894999387,2.780597434343046,-1.928349121678563,-3.812432797943077
GBLX,2.8571379914575257,-29.878048988248594,-4.5999680252204245,-36.47107922053472
GBX,-5.27090978734972,31.875571558407746,-12.72801580402767,25.282541326121624
GCBC,-22.19553824364924,34.79404312112451,-29.65264426032719,28.201012888838385
GDLC,83.12102710828182,28.18590843983173,75.66392109160387,21.59287820754561
GDST,3.131208421910814,2.2727278989141952,-4.325897594767136,-4.320302333371928
GDSTU,3.550292351955475,1.9047600882393878,-3.906813664722475,-4.688270144046736
GEF,-4.337820900970146,9.88339254217767,-11.794926917648096,3.290362309891547
GEG,7.58294283343659,-9.375001663076022,0.1258368167586399,-15.968031895362145
GEGGL,32.354948085614346,10.340387474099778,24.897842068936395,3.7473572418136545
GEN,-20.165549466848496,8.240279044194821,-27.622655483526447,1.6472488119086979
GENC,49.51362144750511,-0.13020510765872073,42.05651543082716,-6.723235339944845
GEOS,75.37313990509043,2.937253321116784,67.91603388841247,-3.6557769111693394
GEVI,-61.3636357478859,147.22220842485143,-68.82074176456385,140.62917819256532
GFF,-10.867697965637735,35.27584824165266,-18.324803982315686,28.682818009366535
GFMH,52.70270754980129,-15.04424647475976,45.24560153312334,-21.637276707045885
GFOO,-21.875002546585044,-17.92000207424157,-29.332108563262995,-24.51303230652769
GGEI,-2.7491463836777474,-20.877090075090365,-10.206252400355698,-27.47012030737649
GHM,34.15384537134416,-4.103676273647794,26.69673935466621,-10.696706505933918
GHST,-13.043480373510496,-8.823535856903097,-20.500586390188445,-15.416566089189221
GIS,3.340850271728457,-10.64220883515221,-4.116255744949493,-17.235239067438336
GLAD,-3.589747502253604,3.4297931129790182,-11.046853518931554,-3.163237119307105
GLAI,0.0,3.6585348124733574,-7.45710601667795,-2.934495419812766
GLD,7.108619101870484,-4.037063628094328,-0.3484869148074665,-10.630093860380452
GLDM,7.150686603702905,-3.933010005231774,-0.30641941297504527,-10.526040237517897
GLGI,6.896555622182587,32.258062345304324,-0.5605503944953627,25.6650321130182
GLNS,-32.67973917318617,0.19417226275209032,-40.13684518986412,-6.398857969534033
GMBL,-71.75675675675676,-46.22222222222222,-79.21386277343471,-52.81525245450835
GMBLP,69.00763995080206,20.652180560820632,61.55053393412411,14.059150328534509
GMGI,4.125737364471482,-13.027387519060484,-3.331368652206468,-19.620417751346608
GMS,13.509802724800867,22.077469431731366,6.052696708122917,15.484439199445243
GNSS,-19.8369566801872,-14.141416574008526,-27.29406269686515,-20.73444680629465
GPOX,9.6774196649565,0.5555483809227102,2.220313648278549,-6.037481851363413
GRCE,-8.000000317891443,15.21739412120251,-15.457106334569392,8.624363888916387
GSIT,1.176469433266436,160.99998950958252,-6.280636583411514,154.4069592772964
GSPE,22.76785319861896,-66.1016945808236,15.310747181941007,-72.69472481310973
GSTC,-44.80000146031441,-49.29577584876065,-52.25710747699236,-55.88880608104677
GTIM,17.672418001219835,25.555557223504444,10.215311984541884,18.96252699121832
GTLL,33.33332363202268,150.00001818983168,25.876217615344732,143.40698795754557
GWRE,30.445152720703895,-7.62093717996517,22.988046704025944,-14.213967412251293
GXLM,118.7007839278091,336.3146858141455,111.24367791113114,329.72165558185935
HAE,7.216895144856195,2.476138905294789,-0.2402108718217555,-4.116891326991334
HAIN,6.323623749743557,-26.355682825821024,-1.1334822669343936,-32.948713058107145
HAYN,7.60472819236695,-0.07901442448448037,0.1476221756889995,-6.672044656770604
HBUV,0.0,0.0,-7.45710601667795,-6.593030232286123
HCIL,4114.285396875807,75.67566696791177,4106.828290859129,69.08263673562564
HEI,12.578170755531426,2.1654581331717715,5.121064738853476,-4.427572099114352
HELE,-14.090991859867053,11.408696828475096,-21.548097876545004,4.815666596188972
HFBL,-0.23378675686980266,-18.642111472351395,-7.690892773547753,-25.23514170463752
HFFG,-5.995203727242759,21.683670614521454,-13.45230974392071,15.09064038223533
HFUS,605.1282058629764,-20.00000216744158,597.6710998462985,-26.593032399727704
HI,10.48349203520129,11.486051105061623,3.0263860185233407,4.8930208727755
HITC,44.99999366700656,-27.00729526075616,37.54288765032861,-33.600325493042284
HLI,0.09925147657572353,14.244359023182751,-7.357854540102227,7.651328790896628
HLNE,14.628571331475726,10.87024677717987,7.171465314797776,4.277216544893747
HMLA,38.46153570614204,-50.0,31.004429689464086,-56.593030232286125
HMMR,-10.799998044967662,-10.227269802458029,-18.257104061645613,-16.82030003474415
HNNA,-6.513871704920049,-7.105262745120189,-13.970977721598,-13.698292977406313
HNNAZ,-2.2784848022948667,-0.6908456324104306,-9.735590818972817,-7.2838758646965545
HNVR,-11.721429432027309,-2.40568896682819,-19.178535448705258,-8.998719199114314
HOLX,6.816669342761261,-0.6329140290909252,-0.6404366739166889,-7.225944261377048
HOV,58.098337401840006,38.328237070970125,50.64123138516206,31.735206838684
HOVNP,-5.4621894197453,-1.7366916488371409,-12.919295436423251,-8.329721881123264
HOVVB,0.0,0.0,-7.45710601667795,-6.593030232286123
HP,-21.7048351271377,-7.239401281838342,-29.16194114381565,-13.832431514124465
HPE,0.05370260457631115,2.7002147318466285,-7.403403412101639,-3.892815500439495
HPQ,10.73902263771933,2.322669713863035,3.28191662104138,-4.270360518423089
HRB,1.3267933735216397,-8.823215447300182,-6.13031264315631,-15.416245679586305
HRL,-12.312337527270012,-0.7053430999505284,-19.76944354394796,-7.298373332236652
HSCS,18.345317916589888,-9.9009900990099,10.888211899911937,-16.49402033129602
HTBI,3.2759374386430062,-13.00813298096488,-4.181168578034944,-19.601163213251006
HURA,-58.13760227086785,7.397966021167224,-65.5947082875458,0.8049357888811004
HURC,-4.018193706081908,-17.622326594958327,-11.475299722759857,-24.21535682724445
HWKE,-50.79999864101412,207.96459826897302,-58.25710465769207,201.3715680366869
HWKN,14.517392894365422,7.7724908727772934,7.060286877687472,1.17946064049117
HYSR,-24.000003576278893,-23.80951916347005,-31.457109592956844,-30.402549395756175
HZEN,59.817351225341575,-0.6153767151237166,52.36024520866363,-7.20840694740984
HZO,-8.381132030286365,16.17080497456824,-15.838238046964314,9.577774742282118
IBIO,215.15150814564308,-64.70588235294117,207.69440212896512,-71.2989125852273
ICMB,0.46793831120890417,-1.8817186210869141,-6.989167705469046,-8.474748853373038
IDT,20.93683982251506,-24.276623158589082,13.47973380583711,-30.869653390875207
IDWM,-28.71286778131681,-20.83333747254461,-36.16997379799476,-27.42636770483073
IESC,18.770676963685908,29.639762469432853,11.313570947007957,23.046732237146728
IGC,0.0,-8.571429057997104,-7.45710601667795,-15.164459290283228
IIIN,-1.452355133051586,11.602009786397517,-8.909461149729536,5.008979554111393
IIIV,0.20425304470659267,-5.366650856744126,-7.2528529719713575,-11.95968108903025
IMAQ,3.140340153836374,2.38843285325947,-4.316765862841576,-4.204597379026653
IMAQU,0.0975632086032796,2.339179003549785,-7.3595428080746705,-4.253851228736338
IMG,12.322276466653914,-16.808334986368813,4.865170449975964,-23.401365218654938
IMKTA,-7.02306548267636,-9.653139664770993,-14.48017149935431,-16.246169897057115
IMTH,-76.01626160061438,86.4406902945551,-83.47336761729234,79.84766006226897
IMVT,-17.27999877929688,19.48387392105595,-24.73710479597483,12.890843688769825
INBP,8.571429057997104,-13.15789019632203,1.114323041319154,-19.750920428608154
INBS,-35.840711356622066,-8.828519859687356,-43.29781737330001,-15.42155009197348
INLB,-41.17647033042972,-49.409282140656806,-48.63357634710767,-56.00231237294293
INM,-51.13122062111384,-15.068494716579107,-58.58832663779179,-21.661524948865228
INND,-39.34426229508197,-67.64705882352942,-46.801368311759916,-74.24008905581555
INNV,10.373443956036276,-2.0997355618775027,2.9163379393583257,-8.692765794163627
INTA,74.542620554417,-6.997993011800907,67.08551453773904,-13.59102324408703
INTG,-3.2463453412251986,-21.754382677392204,-10.703451357903148,-28.347412909678326
INTU,14.201011292953126,3.6220055550342023,6.743905276275176,-2.971024677251921
INTV,105.88235294117645,-28.484847328879614,98.4252469244985,-35.077877561165735
IONI,152.63157647072103,-14.166664648801053,145.17447045404307,-20.759694881087178
IPIX,2.0408128355253297,2.5640981554750253,-5.4162931811526205,-4.028932076811098
IPW,44.86486660641764,70.31250902218764,37.407760589739695,63.719478789901515
IROQ,-12.69662568581509,-3.1612888459236377,-20.15373170249304,-9.754319078209761
ISSC,-9.382718433205007,-8.957220248469133,-16.839824449882958,-15.550250480755256
ITI,53.26797859219281,-14.712154558680101,45.810872575514864,-21.305184790966223
ITOR,,0.0,,-6.593030232286123
IVDN,-3.84615031925164,20.00000476837156,-11.30325633592959,13.406974536085437
J,-2.864329195850557,0.772754868504677,-10.321435212528506,-5.820275363781446
JACK,29.360504389634336,6.72775638938321,21.903398372956385,0.13472615709708702
JANL,-20.30848641644215,0.0,-27.7655924331201,-6.593030232286123
JBL,31.35462196310934,22.911867511466944,23.89751594643139,16.31883727918082
JBSS,19.447866524522126,21.42420844840165,11.990760507844175,14.831178216115527
JCI,-6.415058233151116,12.088680107816918,-13.872164249829066,5.495649875530795
JCTC,-1.228064862571343,-20.183485195036898,-8.685170879249293,-26.77651542732302
JEWL,-70.77464759172463,23.809523133734146,-78.23175360840258,17.21649290144802
JFIL,-37.594183591863064,8.659454564446122,-45.05128960854101,2.0664243321599987
JFTH,-44.64285498877766,-5.1157768187996,-52.099961005455604,-11.708807051085724
JJSF,-1.663233566924216,4.600177246770265,-9.120339583602167,-1.9928529855158583
JKHY,-14.141210736987231,10.946513482926212,-21.59831675366518,4.353483250640089
JOB,-12.50000077610216,29.999993294477555,-19.95710679278011,23.40696306219143
JOUT,-6.982579999114746,-0.3704292827687139,-14.439686015792695,-6.963459515054837
JRSH,18.98733550702667,-19.65993554337141,11.53022949034872,-26.252965775657536
KACL,4.738875859644254,1.3824849148065477,-2.7182301570336964,-5.210545317479576
KACLU,7.317073170731714,0.0,-0.14003284594623633,-6.593030232286123
KALV,18.552036166551524,9.756100113940814,11.094930149873573,3.1630698816546907
KAVL,-19.99999899082082,9.479300738274521,-27.45710500749877,2.8862705059883975
KD,27.461142712668128,-11.85636837983013,20.004036695990177,-18.449398612116255
KE,5.010891417430097,15.037595242941947,-2.4462145992478534,8.444565010655824
KEQU,-2.2222246442522464,7.095919520917149,-9.679330660930196,0.5028892886310254
KEYS,-5.534109382682284,2.6510143537007425,-12.991215399360234,-3.942015878585381
KFFB,-14.617488341103757,-5.479453943809709,-22.074594357781706,-12.072484176095832
KFY,3.4177662138750176,-4.131909494356534,-4.039339802802933,-10.724939726642656
KLAC,6.349598950892821,20.013139202725828,-1.1075070657851294,13.420108970439705
KLIC,22.591901321289363,14.222477905810438,15.134795304611412,7.629447673524314
KMT,14.06120585450321,2.328913013557554,6.60409983782526,-4.264117218728569
KMX,6.002637576328551,30.59769889528543,-1.454468440349399,24.004668662999308
KNIT,5.555555555555558,0.0,-1.9015504611223921,-6.593030232286123
KNW,-38.62069266021029,24.719104735542217,-46.077798676888236,18.126074503256092
KOSS,-6.477736193416728,-22.629309968311905,-13.93484221009468,-29.222340200598026
KPEA,43.165005100294884,-7.142860944173779,35.70789908361694,-13.735891176459901
KRFG,-45.45454256821486,33.33332363205601,-52.91164858489281,26.740293399769882
KRNY,-19.999998120838704,-11.26237445550271,-27.457104137516655,-17.855404687788834
KRUS,39.196611839062356,37.944006860483604,31.739505822384405,31.35097662819748
KTCC,66.36155998426109,-22.099446895223597,58.904453967583144,-28.69247712750972
LANC,0.9965118409785756,-3.022650493875767,-6.4605941756993746,-9.61568072616189
LBUY,76.92308662205787,-44.06779725227641,69.46598060537991,-50.66082748456253
LDDD,750.0,-29.2343362417672,742.5428939833221,-35.82736647405332
LEDS,17.582419957678063,1.801800060249037,10.125313941000112,-4.7912301720370865
LEE,-34.30079520833782,7.183207142751025,-41.757901225015765,0.5901769104649013
LEEN,12.994345486502134,33.333333333333435,5.537239469824184,26.74030310104731
LESL,-10.122447111168686,-12.397452846370028,-17.579553127846637,-18.99048307865615
LEXX,6.666669783249435,-72.33805134627048,-0.7904362334285153,-78.9310815785566
LFCR,-40.47244050142243,168.1198895920613,-47.92954651810038,161.5268593597752
LFVN,-4.64807930567952,19.626696920294084,-12.105185322357471,13.03366668800796
LGTY,-17.527797984709647,-14.424632989959063,-24.984904001387598,-21.017663222245186
LITE,2.408032997057963,7.497634275360632,-5.049073019619987,0.9046040430745084
LIVE,-3.789542687931491,-17.903660225902662,-11.246648704609441,-24.496690458188787
LMNR,33.600637455171764,-6.546541885205103,26.143531438493813,-13.139572117491227
LNBY,0.0,155.35386361906583,-7.45710601667795,148.76083338677972
LNDZF,-21.006434354456694,-28.740745965345184,-28.463540371134645,-35.33377619763131
LNN,-4.184359997148102,-23.539133327402485,-11.64146601382605,-30.132163559688607
LOGI,-7.562485110791406,2.093510646372354,-15.019591127469356,-4.499519585913769
LOOP,37.60000228881837,-1.5723255115296708,30.142896272140415,-8.165355743815795
LPG,9.801765977983568,26.99293876814146,2.3446599613056174,20.39990853585534
LPTH,17.499992549419694,-2.8368767943217854,10.042886532741743,-9.429907026607909
LPTV,-7.704655178233388,-54.95495650300184,-15.161761194911339,-61.547986735287964
LQDT,-6.661939073389478,25.132873551765567,-14.119045090067427,18.539843319479445
LRCX,32.7565236592132,23.128058951984066,25.29941764253525,16.53502871969794
LRDC,-64.70588351306621,0.0,-72.16298952974417,-6.593030232286123
LRN,18.544244265972075,-4.653540440862347,11.087138249294124,-11.24657067314847
LSAK,9.339415415005291,-18.831166820555023,1.8823093983273411,-25.424197052841144
LSDIF,-63.21070187177247,11.538469297646392,-70.66780788845043,4.945439065360269
LSEB,,262.50000651925797,,255.90697628697185
LTCN,83.25792401934449,17.560982531128456,75.80081800266653,10.967952298842333
LTRX,0.6960605616389559,-0.23256345205246998,-6.761045455038994,-6.825593684338593
LUVU,-15.000000372529044,-37.49999767169352,-22.457106389206995,-44.093027903979646
LVO,77.57008582233007,36.58535947124575,70.11297980565212,29.992329238959627
LW,20.131417229207926,9.553411440593273,12.674311212529975,2.9603812083071492
LYTS,13.344185096933714,-11.68554980101504,5.887079080255764,-18.27858003330116
LZB,26.324931995814094,-0.99519222461526,18.867825979136143,-7.588222456901383
MARPS,7.14285714285714,-38.23529411764706,-0.31424887382081046,-44.82832434993318
MARX,-0.09842745110262285,1.8700840247159567,-7.555533467780573,-4.722946207570167
MARXU,3.299999237060569,4.162636092464855,-4.157106779617381,-2.430394139821268
MATW,8.647191519533393,17.135696936380327,1.1900855028554433,10.542666704094204
MAYS,-7.949789325758627,12.113640525124293,-15.406895342436577,5.520610292838169
MBUU,5.672037996728307,3.6886695344446663,-1.7850680199496427,-2.904360697841457
MCFT,17.083495856708875,-1.2446808371067375,9.626389840030924,-7.837711069392861
MCHP,21.75956151049252,5.67954942470823,14.30245549381457,-0.9134808075778933
MCK,-4.738620311810083,15.862287625078753,-12.195726328488032,9.26925739279263
MCLE,0.0,-10.000002384185791,-7.45710601667795,-16.593032616471916
MDT,3.899376086186712,9.769334077379078,-3.557729930491238,3.1763038450929546
ME,8.571424938383544,-23.893803218507294,1.1143189217055935,-30.48683345079342
MEI,-2.315220710647903,-23.669724899072364,-9.772326727325853,-30.26275513135849
MEIP,-8.000001907348631,43.478261770958724,-15.45710792402658,36.8852315386726
MESA,30.21977017890627,10.087720261386245,22.76266416222832,3.4946900291001217
MGLD,17.999998728434253,-32.142855875751565,10.542892711756302,-38.73588610803769
MGYR,-17.316687723875425,-1.704548276734963,-24.773793740553376,-8.297578509021086
MITQ,-8.928573519295568,13.948915423820063,-16.38567953597352,7.35588519153394
MKC,-0.31147324175505586,3.3901068852033145,-7.768579258433006,-3.202923347082809
MLAB,1.4633232189920964,-21.62524353132641,-5.993782797685854,-28.218273763612537
MLKN,-3.809969224939125,-27.640672844053547,-11.267075241617075,-34.23370307633967
MMCP,0.0,0.0,-7.45710601667795,-6.593030232286123
MMEX,-97.8260868574918,-38.000002328318686,-105.28319287416976,-44.59303256060481
MMMW,-12.105264313663488,27.237603692125912,-19.562370330341437,20.64457345983979
MMND,-3.448272672759678,-25.00000266092166,-10.905378689437628,-31.593032893207784
MMNFQ,4.193140921533334,25.7485045301318,-3.2639650951446164,19.15547429784568
MMS,6.807209908291134,5.75900030531602,-0.649896108386816,-0.8340299269701035
MNRO,8.422900065223882,-19.4186567799736,0.9657940485459315,-26.01168701225972
MOD,14.61958497005531,43.89711226259683,7.16247895337736,37.3040820303107
MODD,-41.532256591456495,-37.66666650772095,-48.98936260813444,-44.25969674000707
MPAA,-36.41025488454468,13.13559767228032,-43.867360901222625,6.542567439994196
MRCY,14.721717586224692,-32.80173173282789,7.264611569546742,-39.394761965114014
MSFT,20.636993553132086,16.903668358747524,13.179887536454135,10.3106381264614
MSGS,7.491587968764568,-4.134187802533296,0.03448195208661797,-10.727218034819419
MSM,3.900420329168841,12.79920355589228,-3.556685687509109,6.206173323606157
MSN,0.0,7.407400048809576,-7.45710601667795,0.8143698165234525
MTN,-1.7312886033152508,7.862126381802947,-9.1883946199932,1.269096149516824
MTRX,-14.691940593170361,0.1779400193144598,-22.149046609848313,-6.415090212971664
MTSI,15.05602840508975,-9.001423246711227,7.5989223884118,-15.59445347899735
MU,19.793516158969805,8.136240013060213,12.336410142291854,1.5432097807740899
MUGH,-8.33333498901785,-9.090911061310525,-15.7904410056958,-15.683941293596648
MULN,-59.375,-95.63636363636363,-66.83210601667795,-102.22939386864975
MVCO,-16.772633538583914,105.58334116334196,-24.229739555261865,98.99031093105583
MWA,29.287192639840455,17.299348756703804,21.830086623162504,10.70631852441768
MXC,-7.978977533144427,-4.2073659050479995,-15.436083549822378,-10.800396137334122
MXSG,74.99999818101873,6.2500040927258915,67.54289216434077,-0.34302613956023187
MYCB,-28.947366274624954,-11.11110914881831,-36.4044722913029,-17.704139381104433
NAII,12.439030262063898,-21.179040278789408,4.981924245385948,-27.772070511075533
NAPA,-2.2741292490673803,-19.003111414596763,-9.73123526574533,-25.596141646882884
NATH,12.650868404939297,5.0944424255223275,5.193762388261347,-1.4985878067637959
NB,-15.984148093901773,-23.994040601511234,-23.441254110579724,-30.587070833797355
NBIO,-71.87500116415325,-20.423727144081315,-79.3321071808312,-27.016757376367437
NCPL,-30.489507600698673,14.871797107514872,-37.94661361737662,8.278766875228749
NDSN,-6.374239451673147,12.33750057840255,-13.831345468351097,5.744470346116426
NEN,2.8313877964719403,-0.027392661734804147,-4.62571822020601,-6.620422894020928
NEOG,21.36304180855644,24.29219112454295,13.905935791878488,17.699160892256828
NEOV,-4.334834467484638,35.918361587556305,-11.791940484162588,29.32533135527018
NFG,-3.730124614228192,-9.853619485151032,-11.187230630906143,-16.446649717437154
NFTN,130.7692208498188,-50.00000000000004,123.31211483314084,-56.59303023228617
NGL,154.38597646996826,20.62499492429204,146.9288704532903,14.031964692005916
NGTF,-26.500001154840024,-68.47977551826482,-33.957107171517976,-75.07280575055094
NGVC,29.83425140730185,5.2173946214759015,22.377145390623898,-1.375635610810222
NHMD,-60.00000291039586,-49.99999999998125,-67.4571089270738,-56.593030232267374
NIMU,-50.58823648002324,-16.66666518837673,-58.04534249670119,-23.25969542066285
NJR,8.992811763386822,-9.57550347845011,1.5357057467088717,-16.168533710736234
NKE,3.570284520558964,-6.515007078317714,-3.886821496118986,-13.108037310603837
NMEX,75.27272850422824,-49.17012589239833,67.81562248755029,-55.76315612468446
NMRD,-47.620997746974346,-7.503755526816436,-55.078103763652294,-14.09678575910256
NMTC,11.805552106212813,-26.28205010641722,4.348446089534863,-32.87508033870334
NNVC,3.5398196479485833,5.9322080986147885,-3.917286368729367,-0.6608221336713349
NOBH,12.371134020618557,4.629629629629628,4.914028003940607,-1.9634006026564954
NORD,-14.141412560227785,-12.50000279396768,-21.598518576905736,-19.093033026253803
NOTR,62.5,0.0,55.04289398332205,-6.593030232286123
NOTV,-14.257430491780553,11.286682152931693,-21.714536508458504,4.69365192064557
NRHI,58.94040107612044,0.0,51.48329505944249,-6.593030232286123
NRIS,8.45225433223451,-13.967613503709309,0.9951483155565599,-20.560643735995434
NRT,2.4509819962803547,-3.4560482617942534,-5.006124020397595,-10.049078494080376
NRUC,-2.9472851279538803,3.4630243455649135,-10.40439114463183,-3.13000588672121
NSSC,38.722781909857964,-3.435218868893286,31.265675893180013,-10.028249101179409
NTAP,5.888613242580076,19.578368713065906,-1.5684927740978738,12.985338480779783
NTCT,-11.574079415870964,9.58084282909455,-19.031185432548913,2.9878125968084266
NTIC,-7.951070091125489,-8.936171836041385,-15.408176107803438,-15.529202068327509
NTWK,-6.049816417690357,-9.195403033835436,-13.506922434368306,-15.78843326612156
NUZE,12.322276466653914,-16.81249936421714,4.865170449975964,-23.405529596503264
NVEC,26.567024935216477,16.19760343570644,19.109918918538526,9.604573203420317
NWCN,27.27272234672369,164.28572219245302,19.81561633004574,157.6926919601669
NWS,-5.732825738581826,12.15908717764318,-13.189931755259776,5.566056945357056
NWSA,-5.019573067119798,12.11250016073544,-12.476679083797748,5.5194699284493165
NX,-10.104384130286482,28.394478593668858,-17.56149014696443,21.801448361382732
NXEN,-49.15254381762193,-15.384617588929272,-56.60964983429988,-21.977647821215395
NXMH,25552.172203565697,-33.91525148564585,25544.71509754902,-40.50828171793197
NXT,19.0413637931367,13.56184602244177,11.584257776458749,6.968815790155647
OCC,2.870822184792665,-3.7296002059402977,-4.586283831885285,-10.32263043822642
OCSL,-10.362941838347018,3.0174680425695044,-17.820047855024967,-3.575562189716619
ODC,23.03371078007288,38.437873795187684,15.57660476339493,31.84484356290156
ODYY,-72.72727272727275,-11.23595251652979,-80.1843787439507,-17.828982748815914
OESX,11.538456751951731,-20.999997854232788,4.081350735273781,-27.593028086518913
OFED,-26.0,-21.56756633036846,-33.45710601667795,-28.160596562654582
OILCF,120.71005282734797,-47.395565992362606,113.25294681067001,-53.98859622464873
OKMN,,83.33333643774212,,76.740306205456
OLKR,23.247538938676882,-23.255812180500058,15.790432921998931,-29.848842412786183
OMCC,1.9900477841425568,-9.358751536188347,-5.467058232535393,-15.95178176847447
ONCSQ,24.03846242018708,-90.76923063697194,16.58135640350913,-97.36226086925807
ONEW,-1.9284752299485453,27.148996787224267,-9.385581246626495,20.555966554938145
ONVO,46.000003814697266,-19.6261708273492,38.54289779801932,-26.219201059635324
OPTT,17.77777453999454,15.384624201870857,10.320668523316588,8.791593969584733
OPXS,5.084740831330814,1.290329080714847,-2.372365185347136,-5.302701151571276
ORCL,11.405199076166795,25.929731739142326,3.948093059488845,19.3367015068562
OSIS,27.742423710098606,12.032208982518554,20.285317693420655,5.439178750232431
OTEX,29.0742698671292,6.739797259461078,21.61716385045125,0.14676702717495438
OTLK,3.809520176478798,52.3364441833575,-3.6475858401991523,45.743413951071375
PAHC,12.070223916030919,-10.369885157835924,4.613117899352969,-16.96291539012205
PANW,44.268696205052585,29.032750709720602,36.81159018837464,22.439720477434477
PAXH,0.0,0.8849575610307081,-7.45710601667795,-5.708072671255415
PAYX,-0.3858022761076496,-0.9747046659007275,-7.8429082927856,-7.567734898186851
PBFS,-15.14630160254219,-7.223940552920515,-22.60340761922014,-13.816970785206639
PBH,-1.3234601172717353,-7.059564460870737,-8.780566133949685,-13.65259469315686
PBSV,18.98733823846852,-4.395606626909698,11.53023222179057,-10.988636859195822
PCMC,35.8024680002164,-51.818182126057046,28.34536198353845,-58.41121235834317
PCTY,3.24624735865946,-8.078722742868226,-4.21085865801849,-14.67175297515435
PCYN,-25.00000266092166,4.166668994973199,-32.45710867759961,-2.426361237312924
PCYO,-7.984426601253469,18.230846784564257,-15.441532617931419,11.637816552278133
PDCO,-3.946897554165929,23.998502684855726,-11.40400357084388,17.405472452569605
PDEX,3.2075486862746194,15.783060186903896,-4.249557330403331,9.190029954617772
PDRO,-45.54455276096979,-78.1818191423889,-53.00165877764774,-84.77484937467503
PENG,14.021163370403645,58.60629963479784,6.564057353725695,52.01326940251172
PETS,-8.968611927044346,-15.036230986837552,-16.425717943722297,-21.629261219123677
PETV,24.99999729069802,-18.353339774042997,17.542891274020068,-24.94637000632912
PFGC,6.064336087103572,-1.0056060202538686,-1.3927699295743778,-7.5986362525399915
PFLT,-4.241879695533468,0.4699176263835758,-11.698985712211417,-6.123112605902548
PFX,12.12121212121211,5.334178639354947,4.66410610453416,-1.258851592931176
PFXNZ,0.3205114209485327,0.4107720365799983,-7.1365945957294175,-6.182258195706125
PG,-1.284504283779253,0.538611160643998,-8.741610300457204,-6.054419071642125
PGID,-39.999997615814245,-33.333334989017814,-47.45710363249219,-39.92636522130394
PGTK,-9.230769936149663,-15.517237304081844,-16.687875952827614,-22.110267536367967
PH,15.63778056974041,14.546998049506122,8.18067455306246,7.953967817219999
PHBI,37.1428594236459,-62.69662940748434,29.68575340696795,-69.28965963977046
PHCI,5.1282001121667475,71.21951571254068,-2.3289059045112026,64.62648548025456
PHIL,-46.15384822039348,0.0,-53.610954237071425,-6.593030232286123
PINC,-8.222289447803377,-15.44389190389267,-15.679395464481328,-22.036922136178795
PIXY,-76.85863945357949,-53.51473851417607,-84.31574547025744,-60.10776874646219
PKE,6.576861578705828,4.083149070762282,-0.8802444379721219,-2.5098811615238414
PLAB,-1.0739874863819776,55.45399430887148,-8.531093503059928,48.860964076585354
PLPL,100.0,-26.666669577054304,92.54289398332205,-33.259699809340425
PLTM,-8.68991480838741,-9.886715081107,-16.14702082506536,-16.479745313393124
PLUR,0.0,-20.618561008731774,-7.45710601667795,-27.2115912410179
PLUS,9.415442323598345,12.765108296417083,1.958336306920395,6.172078064130959
PLXS,-6.065276677741438,1.9375768842458285,-13.522382694419388,-4.655453348040295
PLYN,-18.18182126057055,10.555558774942453,-25.638927277248502,3.9625285426563295
PMCB,-0.6825931901308424,-3.7037081634600844,-8.139699206808793,-10.296738395746207
PNNT,-8.01392995909833,10.775050581696277,-15.471035975776282,4.182020349410154
PNPL,474.712644170339,660.2000123232611,467.25553815366106,653.6069820909751
POCI,20.176988446784417,-3.906249941792339,12.719882430106466,-10.499280174078462
POST,-0.10004039440475454,-5.537207157722868,-7.557146411082705,-12.130237390008991
POWL,24.7836203762396,44.60120986674889,17.32651435956165,38.00817963446276
POWW,11.299437844006356,5.911336239847698,3.8423318273284055,-0.6816939924384258
POWWP,-3.149603342816276,0.020284685225191446,-10.606709359494227,-6.572745547060932
PPCB,-16.66666666666111,12880.000058208325,-24.123772683339062,12873.407027976038
PRKA,-2.4390220854836775,-20.00000298023219,-9.896128102161628,-26.593033212518314
PROV,-2.4337877314887346,-4.663213203313621,-9.890893748166684,-11.256243435599744
PRSI,1.6949152542372836,-17.777777777777782,-5.7621907624406665,-24.370808010063904
PRST,-26.851852771676576,188.268154043446,-34.30895878835452,181.6751238111599
PSEC,-0.9957349868028653,-9.985529268555249,-8.452841003480815,-16.578559500841372
PSMT,16.152099924487096,3.7809301200935064,8.694993907809145,-2.812100112192617
PTC,7.170910231709771,11.368780140485214,-0.28619578496817955,4.77574990819909
PTCO,-5.625002211891161,-8.396946695132845,-13.082108228569112,-14.989976927418969
PTN,10.000000000000009,-22.262769816521242,2.5428939833220587,-28.855800048807367
PTON,39.655176261213754,-36.29376589372354,32.198070244535806,-42.88679612600966
PURE,66.66666666666671,-38.46153757981294,59.20956064998877,-45.054567812099066
PVBC,-5.914715673545601,21.470588194045238,-13.371821690223552,14.877557961759114
PXPC,0.0,0.0,-7.45710601667795,-6.593030232286123
PYCR,9.7227984031933,-12.841215390990712,2.26569238651535,-19.434245623276837
PYYX,118.97811965611163,-15.833337472544606,111.52101363943368,-22.42636770483073
PZG,-0.5698017067305328,-14.772723424286859,-8.026907723408483,-21.365753656572984
QCOM,19.738173373596336,-4.697880085078243,12.281067356918385,-11.290910317364366
QDMI,23.45678976006922,0.0,15.99968374339127,-6.593030232286123
QMCO,-2.542374456658214,2.752295424165485,-9.999480473336163,-3.8407348081206383
QNST,10.438413444299343,-43.86189552278578,2.9813074276213927,-50.454925755071905
QOEG,-16.387957220210637,-49.60000068545365,-23.84506323688859,-56.193030917739776
QREE,-27.86885245901639,-96.57142843518939,-35.32595847569434,-103.16445866747551
QRVO,13.944357628769776,0.46593990136925,6.487251612091826,-6.127090330916873
RAMP,-7.233498852040743,27.00893414035752,-14.690604868718694,20.4159039080714
RASP,-40.00000223517436,66.00000732640478,-47.457108251852304,59.40697709411866
RAVE,-6.49350046166507,38.77550490809778,-13.950606478343019,32.182474675811655
RBC,11.322107741970711,-5.730021618714398,3.8650017252927613,-12.323051851000521
RCAT,12.7982616130633,15.686271530717422,5.34115559638535,9.093241298431298
RDUS,-0.5118357205393886,-2.581260317416134,-7.968941737217339,-9.174290549702258
RELL,5.982907221434042,-28.211804434519173,-1.4741987952439084,-34.8048346668053
RENB,-18.303569860528334,-60.39603863986211,-25.760675877206285,-66.98906887214824
REPL,-32.97912868406917,31.531024540423402,-40.436234700747114,24.937994308137277
REVG,-5.738997488882614,12.679628146016796,-13.196103505560565,6.086597913730673
RFIL,-13.894325236713245,-3.68664328626489,-21.351431253391194,-10.279673518551014
RFL,-19.68911945901465,29.878056891470916,-27.1462254756926,23.285026659184794
RGBP,-67.0885946062575,-6.699756955048219,-74.54570062293546,-13.292787187334342
RGBPP,-88.6117030971635,23.762392276721258,-96.06880911384145,17.169362044435132
RGCO,4.224721501382556,-12.565214737601915,-3.2323845152953945,-19.158244969888038
RGIN,179.9999767169491,39.999993791180046,172.54287070027115,33.40696355889392
RGP,-7.982747446066485,-7.548273553746498,-15.439853462744434,-14.141303786032623
RGS,-12.598420880511751,8.256886272496434,-20.0555268971897,1.6638560402103106
RICK,-13.519196042944737,-2.6723466554225195,-20.976302059622686,-9.265376887708642
RIME,-66.37931061060335,-13.207549291728139,-73.83641662728131,-19.80057952401426
RJF,-11.698362770953619,12.551567526970775,-19.15546878763157,5.9585372946846515
RL,7.620927201692473,5.404295779282808,0.16382118501452325,-1.188734453003315
RLGT,26.396914652305313,3.5603717912586985,18.93980863562736,-3.032658441027425
RMCF,-6.360418133965973,4.038462420187083,-13.817524150643923,-2.55456781209904
RMD,4.930475014246061,-1.153253917180408,-2.5266310024318894,-7.746284149466531
RMHI,2800.0000916994577,-35.50000190734863,2792.5429856827795,-42.09303213963476
RMR,-7.540519566353055,-10.169489532946441,-14.997625583031006,-16.762519765232565
ROAD,3.2183913421865995,26.10208755098804,-4.238714674491351,19.509057318701913
ROII,-56.592594236557844,-65.26610552593503,-64.0497002532358,-71.85913575822116
ROIV,3.21678344063947,33.78377690465027,-4.24032257603848,27.190746672364142
ROK,12.701790827356852,11.79946121820663,5.244684810678902,5.206430985920507
RPM,-10.403833079601066,-0.11151358878711548,-17.860939096279015,-6.704543821073239
RSKIA,2.3474179244571625,-3.2110040371047366,-5.109688092220788,-9.80403426939086
RSMDF,-0.28596370735077814,5.59472779077741,-7.743069724028729,-0.9983024415087138
RSSS,5.78947450975964,2.4630518729541473,-1.66763150691831,-4.129978359331976
RSVR,6.016258208480174,-9.284628882439616,-1.440847808197776,-15.87765911472574
RSVRW,25.7812539290172,-8.695651208134315,18.32414791233925,-15.288681440420438
RVSB,-26.849314889533815,-5.123339315060971,-34.30642090621176,-11.716369547347094
RYES,6.12244302160998,-77.35848984989077,-1.33466299506797,-83.9515200821769
RZLT,2.1276575507703344,-9.268289874665092,-5.329448465907616,-15.861320106951215
SAJ,-1.6287387270362608,0.9776922226368612,-9.085844743714212,-5.615338009649262
SANM,7.433505701383192,-0.2831478698372414,-0.023600315294758367,-6.876178102123365
SANW,-11.042945276460546,-15.277778552367028,-18.500051293138497,-21.87080878465315
SAR,-2.769228128286505,7.3325422712462895,-10.226334144964454,0.7395120389601662
SAT,1.2277933775441507,0.42918620061871415,-6.229312639133799,-6.163844031667409
SAY,0.0321338459326137,0.767051365352045,-7.424972170745336,-5.825978866934078
SAZ,,0.40000152587891247,,-6.193028706407211
SBH,21.62372688019194,-22.795968888357464,14.166620863513987,-29.38899912064359
SBUX,3.790318914780144,-5.415968589446174,-3.666787101897806,-12.008998821732298
SCHL,-14.64205265538231,11.371427263532375,-22.09915867206026,4.778397031246252
SCSC,3.116531375432241,-2.233170075987012,-4.340574641245709,-8.826200308273135
SDCH,-21.99999955296518,28.20512747035697,-29.45710556964313,21.612097238070845
SENEA,-16.767514183475885,-35.27502101871941,-24.224620200153836,-41.86805125100553
SENEB,-10.788037189801402,-35.740739327889905,-18.24514320647935,-42.33376956017603
SENEL,0.0,0.0,-7.45710601667795,-6.593030232286123
SENEM,-23.04970000712577,-28.014394704550128,-30.506806023803723,-34.60742493683625
SFIX,72.05387489189887,-25.896413491148074,64.59676887522092,-32.4894437234342
SGLY,70.00000476837158,-28.169014462874166,62.542898751693635,-34.76204469516029
SGU,9.451475523245257,2.7885407792915373,1.994369506567307,-3.804489452994586
SHGI,-36.24999976716941,-23.529408756974213,-43.70710578384736,-30.12243898926034
SHMP,-39.759032954098814,-17.999998956918727,-47.21613897077676,-24.59302918920485
SHMY,0.0,0.0,-7.45710601667795,-6.593030232286123
SHRG,13.33332970028831,-64.70588282435708,5.87622368361036,-71.2989130566432
SISI,-72.07207389102717,-42.62294992263903,-79.52917990770513,-49.215980154925155
SJM,-0.33616422202995544,-6.547324532791643,-7.793270238707906,-13.140354765077767
SKKY,85.39326256565509,-8.333334989017827,77.93615654897714,-14.92636522130395
SKY,41.596088546064756,-9.356085612555454,34.13898252938681,-15.949115844841577
SLDC,-78.66666672875475,11.538459816342606,-86.1237727454327,4.945429584056482
SLP,18.02309741331143,2.49400694604216,10.565991396633478,-4.0990232862439635
SLQT,235.91331012258442,-13.679238598980392,228.45620410590647,-20.272268831266516
SMBC,-17.762148896291308,2.9380404090977974,-25.21925491296926,-3.654989823188326
SMCI,27.057001432217366,109.30624341081034,19.599895415539415,102.71321317852421
SMG,40.7128773325006,-13.37667737207402,33.25577131582265,-19.969707604360146
SMME,0.0,-18.181819143929744,-7.45710601667795,-24.77484937621587
SMPL,6.138241692369473,-9.374209902478292,-1.3188643243084774,-15.967240134764415
SNEX,8.522009904057981,-18.286944796386795,1.064903887380031,-24.879975028672916
SNOA,-22.83464300853465,13.684212534051188,-30.2917490252126,7.091182301765064
SNPS,20.82395171715794,10.016966938479776,13.366845700479988,3.4239367061936523
SNTW,-85.36231828033863,0.0,-92.81942429701658,-6.593030232286123
SODI,12.097670642602898,6.8316787556684355,4.640564625924948,0.23864852338231213
SONN,-68.96551749910125,57.57574682811348,-76.42262351577921,50.982716595827355
SONO,16.439171483995317,-18.339269628274934,8.982065467317366,-24.93229986056106
SOTK,-18.799369219008522,3.1128468561355316,-26.256475235686473,-3.480183376150592
SPB,6.909917159973222,16.56241115232495,-0.5471888567047278,9.969380920038828
SPEV,2.702700090373522,-27.50000316649672,-4.754405926304428,-34.09303339878284
SPH,0.5909399559619333,-3.515624830227637,-6.866166060716017,-10.10865506251376
SPHR,34.95544822633505,4.212921965329697,27.4983422096571,-2.3801082669564266
SR,2.054335638009097,-8.527575206579474,-5.402770378668853,-15.120605438865597
SRAX,-63.52201439403407,-10.000002384185802,-70.97912041071203,-16.593032616471923
SRCO,0.0,-6.071424884151422,-7.45710601667795,-12.664455116437544
SRDX,-32.22255199950968,40.4322459241478,-39.67965801618763,33.839215691861675
SRGZ,-4.761905606641925,5.0000009313227345,-12.219011623319876,-1.593029300963389
SSRT,0.0,0.0,-7.45710601667795,-6.593030232286123
SSY,80.32786853209006,-14.285712663819117,72.87076251541211,-20.87874289610524
STAL,-53.9473667441559,-36.9696964565717,-61.40447276083385,-43.56272668885782
STCN,-21.917807739822727,-22.79974462449711,-29.37491375650068,-29.392774856783234
STE,3.3335710261734652,16.25590872681122,-4.123534990504485,9.662878494525097
STEP,-1.8743022615257843,4.303764755987727,-9.331408278203735,-2.2892654762983966
STRT,9.11270783581799,-20.8928588610523,1.6556018191400392,-27.48588909333842
STX,28.901882864123184,-4.7578250909276365,21.444776847445233,-11.35085532321376
STZ,-0.4078886694150574,9.934781259816239,-7.864994686093008,3.3417510275301154
SUND,-64.35714133053408,-35.87174657491293,-71.81424734721203,-42.46477680719906
SUWN,10.666667411723996,-95.55555547650867,3.2095613950460455,-102.1485857087948
SVBL,0.0,-14.28571656650428,-7.45710601667795,-20.878746798790402
SVMB,6.951871657754016,83.13953488372093,-0.5052343589239339,76.5465046514348
SWBI,38.004487828785095,7.755100483797039,30.547381812107144,1.162070251510916
SWKS,31.089535104237886,-5.8134016110641396,23.632429087559935,-12.406431843350262
SXI,19.81602849223041,15.400391422752557,12.358922475552458,8.807361190466434
SYM,89.70099854612192,73.50356560033977,82.24389252944397,66.91053536805364
SYNA,20.05832720624896,-21.038002091401566,12.60122118957101,-27.63103232368769
SYY,2.2854111484556405,-5.842021194900937,-5.17169486822231,-12.43505142718706
TAYD,50.90362438617089,30.533208543348778,43.44651836949294,23.940178311062652
TCCO,-3.61445445698767,24.999998137354872,-11.07156047366562,18.406967905068747
TCS,-22.573358727143678,-9.011623737767637,-30.03046474382163,-15.60465397005376
TDG,17.782888725704883,18.821065777249824,10.325782709026932,12.228035544963701
TECH,-10.010513103932917,7.683765254250696,-17.467619120610866,1.0907350219645728
TEL,14.864985423860944,6.2436791627730415,7.407879407182993,-0.3493510695130819
TFSL,-10.710662233930456,3.004480367748319,-18.167768250608407,-3.5885498645378044
TGGI,90.90908513643055,-10.00000582077022,83.4519791197526,-16.593036053056345
TGI,12.306206349992554,6.003428974490932,4.849100333314603,-0.5896012577951915
TGL,1.2195068460522762,-50.909091899921364,-6.237599170625674,-57.50212213220749
THER,-20.689652403918156,-9.09090428035576,-28.146758420596107,-15.683934512641883
THO,5.553352815551582,31.70010726850765,-1.903753201126368,25.107077036221526
THR,24.662332974604205,3.8113920796694734,17.205226957926254,-2.78163815261665
TIKK,2.2727250560256484,2.6200848811800626,-5.184380960652302,-3.972945351106061
TKCM,0.0,-99.00662250217862,-7.45710601667795,-105.59965273446474
TLRY,-8.000001040371984,-36.61417171319334,-15.457107057049935,-43.20720194547947
TMGI,106.8965561537337,-58.0000005587941,99.43945013705574,-64.59303079108022
TMRC,-6.106864671788603,-28.92562089319086,-13.563970688466554,-35.518651125476985
TOL,19.142673174931613,30.303870927583244,11.685567158253662,23.710840695297122
TPCS,262.56410250140203,5.063286215429397,255.10699648472408,-1.5297440168567267
TPR,11.800047882432786,0.5567970175164083,4.3429418657548355,-6.036233214769715
TRAK,23.622053230797068,58.50234148623228,16.164947214119117,51.90931125394616
TRCK,19.999998297010112,-19.999998297010123,12.542892280332161,-26.593028529296248
TRNS,22.452053958422514,-3.9050329120266625,14.994947941744563,-10.498063144312786
TRT,8.04597499553581,6.196580608764157,0.5888689788578594,-0.3964496235219661
TRUG,0.0,8.097925291380292,-7.45710601667795,1.504895059094169
TRXA,-7.142860944173746,0.0,-14.599966960851695,-6.593030232286123
TSBK,-20.83211364735008,-5.00000141285083,-28.289219664028032,-11.593031645136954
TSN,-5.982523352636749,-13.88855232024998,-13.439629369314698,-20.481582552536103
TTC,-1.7934447230435469,-9.003621716479927,-9.250550739721497,-15.59665194876605
TTEK,2.802227667376944,11.204352839444587,-4.654878349301006,4.611322607158463
TTWO,15.701680094627868,22.562977696893547,8.244574077949917,15.969947464607424
TVC,-3.2243587810769525,-1.5894658228598035,-10.681464797754902,-8.182496055145927
TVE,-3.069171225998779,1.0256377880162981,-10.526277242676729,-5.567392444269825
TWIN,5.888885921902132,21.16003463548286,-1.5682200947758185,14.567004403196735
TWST,-36.66526559449799,38.82185418110038,-44.122371611175936,32.22882394881425
UA,-4.04950052248263,-21.999998653636254,-11.506606539160579,-28.59302888592238
UAA,-5.946485355759268,-24.364404831936614,-13.40359137243722,-30.957435064222736
UEC,-23.199996948242184,14.765102496786554,-30.657102964920135,8.17207226450043
UFI,-6.199769913754338,0.608274806698228,-13.656875930432289,-5.984755425587895
UGI,-7.697961043905499,-20.40750077832535,-15.155067060583448,-27.000531010611475
UHAL,0.1342988609443152,-7.187450823905738,-7.322807155733635,-13.780481056191862
UHGI,0.0,0.0,-7.45710601667795,-6.593030232286123
UI,0.7046396553832768,-35.30429641836154,-6.752466361294673,-41.89732665064766
UNF,-7.069169839545319,-9.038211736128588,-14.526275856223268,-15.631241968414711
UNFI,-31.254894018499236,-27.73884281984216,-38.712000035177184,-34.33187305212828
UNOV,4.6467976184158655,5.089645516969332,-2.8103083982620847,-1.5033847153167912
UNQL,-42.5287377239379,-5.263158926672384,-49.98584374061585,-11.856189158958507
UNXP,0.0,50.47620139695128,-7.45710601667795,43.88317116466516
UPXI,47.81022103595345,-44.3373484783862,40.3531150192755,-50.93037871067232
UPYY,0.0,0.0,-7.45710601667795,-6.593030232286123
USAU,14.344258050193371,-29.937308620513114,6.887152033515421,-36.53033885279924
UTI,13.190186135433013,-6.308722177511184,5.733080118755063,-12.901752409797307
UUU,18.974352641610537,5.7777828640408035,11.517246624932586,-0.8152473682453198
UVV,-0.5453195070762695,-6.123596187874547,-8.00242552375422,-12.71662642016067
V,8.926001720519029,2.5226296323062503,1.4688957038410786,-4.070400599979873
VALU,-2.3833498898853778,-7.1384698452429785,-9.840455906563328,-13.731500077529102
VERU,-77.43190667795614,3.5087686276281227,-84.88901269463409,-3.0842616046580007
VFC,-16.367130990670674,-13.533066977389508,-23.824237007348625,-20.12609720967563
VGES,-8.33333498901785,-9.090911061310525,-15.7904410056958,-15.683941293596648
VHLD,695.5800359027421,-99.30555549267692,688.1229298860642,-105.89858572496304
VIAV,1.594747455228318,4.13146056167033,-5.862358561449632,-2.461569670615793
VIDE,-14.72867780075302,-12.727276569555524,-22.18578381743097,-19.320306801841646
VIPZ,-46.99999888737997,57.23270110175622,-54.457104904057914,50.639670869470095
VISM,96.46464680672999,-94.57142831040485,89.00754079005203,-101.16445854269098
VLGEA,-2.7210938968575293,-2.260871555494226,-10.17819991353548,-8.85390178778035
VOXX,45.572603718834316,-4.953562999562566,38.11549770215637,-11.54659323184869
VPLM,203.5714223942906,12.38095812516442,196.11431637761265,5.787927892878297
VRAR,29.20961785435574,-15.853655416294554,21.75251183767779,-22.446685648580676
VRDR,-35.00000335276122,38.46154904224499,-42.457109369439166,31.868518809958864
VREX,-10.039559091162475,28.389602405940373,-17.496665107840425,21.796572173654248
VRTC,0.0,50.00000000000024,-7.45710601667795,43.406969767714116
VRVR,-50.05797199601012,27.88371771628828,-57.515078012688065,21.290687484002156
VSAT,4.832718191710517,21.401465200159663,-2.6243878249674335,14.80843496787354
VSTO,11.28513859032838,1.5625010829332098,3.8280325736504297,-5.030529149352914
VTGN,-7.69231239484367,-53.846156197421834,-15.14941841152162,-60.43918642970796
VVV,6.394636005979448,3.28332801384823,-1.0624700106985019,-3.3097022184378933
VWFB,7.14285714285714,-13.33333333333333,-0.31424887382081046,-19.926363565619454
WAFD,-8.987677090027034,-8.771540671592648,-16.444783106704985,-15.364570903878771
WAFDP,-8.680941533527676,-10.07845568528034,-16.138047550205627,-16.671485917566464
WBA,-5.787477255605545,-18.777542017829653,-13.244583272283496,-25.370572250115778
WBQNL,11.999998092651376,-78.57142735500723,4.542892075973426,-85.16445758729336
WCHD,98.74999743886299,-39.748427154265165,91.29289142218504,-46.34145738655129
WDC,19.929953364991725,1.0752626424140654,12.472847348313774,-5.517767589872058
WDFC,9.737241289884802,5.91604124581675,2.2801352732068514,-0.6769889864693734
WEWA,-8.18182103890026,0.0,-15.638927055578211,-6.593030232286123
WGO,9.88383661646004,16.263031638453285,2.4267305997820907,9.670001406167161
WHSI,-63.84615511363485,-44.000000745057456,-71.3032611303128,-50.59303097734358
WINR,-18.848165022839215,-19.99999441206388,-26.305271039517166,-26.593024644350002
WLY,-5.577206134768808,-11.995861822750708,-13.034312151446759,-18.58889205503683
WLYB,-5.174608215611398,-11.290324400002994,-12.631714232289347,-17.88335463228912
WLYW,106.4999984167518,-69.49152446821266,99.04289240007384,-76.08455470049878
WMG,-5.150688880748689,-20.720623062447952,-12.60779489742664,-27.313653294734074
WMPN,-6.978656487459389,-9.79335257304841,-14.43576250413734,-16.386382805334534
WMS,3.7460877442664797,38.12484220455323,-3.7110182724114704,31.531811972267107
WNFT,-42.85714187615789,-73.33333207357329,-50.31424789283584,-79.92636230585941
WOLF,-3.3769774341536274,-11.515638301347986,-10.834083450831578,-18.10866853363411
WOLV,68.74999636202142,-53.70370421471746,61.29289034534347,-60.29673444700359
WOR,31.589658576923064,6.547248586567678,24.132552560245113,-0.045781645718445674
WRLD,27.88270294477304,66.58148707923893,20.42559692809509,59.9884568469528
WRPT,517.2839488003476,-58.291664408209364,509.8268427836697,-64.88469464049548
WTER,-5.764711063215467,-36.730335420146346,-13.221817079893416,-43.32336565243247
WWD,-0.37640099646042424,19.90409315832915,-7.833507013138375,13.311062926043027
XAIR,6.6350723752939045,-31.946509498872487,-0.8220336413840457,-38.53953973115861
XERI,-17.64706075707091,-16.00000238418581,-25.10416677374886,-22.59303261647193
XITO,261.14650202939487,-29.453262717070384,253.6893960127169,-36.046292949356506
XSNX,2.339177260723946,-44.72361865487595,-5.117928755954004,-51.316648887162074
YCBD,-15.584422971559132,-81.58051147542767,-23.041528988237083,-88.1735417077138
YCRM,-78.461539673911,15.384616073464507,-85.91864569058896,8.791585841178383
YJGJ,129.16665756040183,8.000001040371973,121.70955154372388,1.40697080808585
YUMM,-16.666666666666664,-59.20000076293945,-24.123772683344615,-65.79303099522558
ZDGE,2.631582744894323,17.801049179075502,-4.825523271783627,11.208018946789378
ZEOX,-57.69230522347616,-9.090911061310525,-65.14941124015411,-15.683941293596648
ZS,6.025954480924223,28.29051760879777,-1.4311515357537274,21.697487376511646
ZUUS,0.0,19.999999999999996,-7.45710601667795,13.406969767713873
